Code,Libell‚,T1_1995,T2_1995,T3_1995,T4_1995,T1_1996,T2_1996,T3_1996,T4_1996,T1_1997,T2_1997,T3_1997,T4_1997,T1_1998,T2_1998,T3_1998,T4_1998,T1_1999,T2_1999,T3_1999,T4_1999,T1_2000,T2_2000,T3_2000,T4_2000,T1_2001,T2_2001,T3_2001,T4_2001,T1_2002,T2_2002,T3_2002,T4_2002,T1_2003,T2_2003,T3_2003,T4_2003,T1_2004,T2_2004,T3_2004,T4_2004,T1_2005,T2_2005,T3_2005,T4_2005,T1_2006,T2_2006,T3_2006,T4_2006,T1_2007,T2_2007,T3_2007,T4_2007,T1_2008,T2_2008,T3_2008,T4_2008,T1_2009,T2_2009,T3_2009,T4_2009,T1_2010,T2_2010,T3_2010,T4_2010,T1_2011,T2_2011,T3_2011,T4_2011,T1_2012,T2_2012,T3_2012,T4_2012,T1_2013,T2_2013,T3_2013,T4_2013,T1_2014,T2_2014,T3_2014,T4_2014,T1_2015,T2_2015,T3_2015,T4_2015,T1_2016,T2_2016,T3_2016,T4_2016,T1_2017,T2_2017,T3_2017,T4_2017,T1_2018,T2_2018,T3_2018,T4_2018,T1_2019,T2_2019,T3_2019,T4_2019,T1_2020,T2_2020,T3_2020,T4_2020,T1_2021,T2_2021,T3_2021,T4_2021,T1_2022,T2_2022,T3_2022,,,,,,,,,,,,,,,,,,,,,,,,,,,,,,,,,,,,,,,,,,,,,,,,,,,,,,,,,,,,,,,,,,,,,,,,,,,,,,,,,,,,,,,,,,,
00,FRANCE (HORS MAYOTTE),,,,,,,,,,,,,,,,,,,,,,,,,,,,,,,,,,,,,,,,,,,,,,,,,,,,,,,,,,,,,,,,,,,,,,,,,,,,,10.1,10.2,10.3,10.5,10.3,10.5,10.3,10.2,10.2,10.0,9.9,10.0,9.6,9.5,9.5,9.0,9.3,9.1,9.0,8.7,8.7,8.4,8.4,8.2,7.9,7.1,9.0,8.1,8.2,7.9,8.0,7.4,7.3,7.4,7.3,,,,,,,,,,,,,,,,,,,,,,,,,,,,,,,,,,,,,,,,,,,,,,,,,,,,,,,,,,,,,,,,,,,,,,,,,,,,,,,,,,,,,,,,,,,
00,FRANCE METROPOLITAINE,9.8,9.6,9.5,9.6,9.9,10.1,10.2,10.2,10.3,10.3,10.3,10.1,9.9,9.8,9.7,9.8,9.8,9.8,9.5,9.1,8.7,8.3,8.0,7.7,7.4,7.3,7.3,7.4,7.5,7.5,7.5,7.6,8.0,8.1,8.0,8.4,8.6,8.4,8.5,8.5,8.3,8.5,8.6,8.7,8.8,8.6,8.6,8.0,8.2,7.8,7.6,7.2,6.9,7.0,7.1,7.4,8.3,8.8,8.8,9.2,9.0,8.9,8.9,8.8,8.8,8.7,8.8,9.0,9.1,9.4,9.4,9.8,10.0,10.1,9.9,9.8,9.8,9.8,9.9,10.1,10.0,10.2,10.1,9.9,9.9,9.7,9.6,9.7,9.3,9.2,9.2,8.7,8.9,8.8,8.6,8.4,8.4,8.2,8.1,7.9,7.6,7.0,8.8,7.8,8.0,7.7,7.8,7.2,7.1,7.2,7.1,,,,,,,,,,,,,,,,,,,,,,,,,,,,,,,,,,,,,,,,,,,,,,,,,,,,,,,,,,,,,,,,,,,,,,,,,,,,,,,,,,,,,,,,,,,
11,ILE-DE-FRANCE,8.9,8.8,8.7,8.8,9.0,9.2,9.2,9.2,9.3,9.3,9.4,9.2,9.1,9.0,8.9,8.9,8.9,8.8,8.5,8.2,7.8,7.4,7.1,6.8,6.5,6.4,6.5,6.6,6.8,7.1,7.2,7.4,7.9,8.1,8.1,8.4,8.7,8.5,8.5,8.6,8.3,8.4,8.4,8.4,8.4,8.1,8.1,7.5,7.7,7.4,7.2,6.6,6.3,6.4,6.4,6.5,7.1,7.6,7.8,8.1,8.0,7.9,7.9,7.9,7.8,7.8,7.9,8.0,8.1,8.2,8.3,8.5,8.7,8.8,8.7,8.7,8.7,8.7,8.8,9.0,8.8,9.0,8.9,8.8,8.8,8.6,8.5,8.7,8.3,8.2,8.3,7.8,8.1,8.0,7.8,7.7,7.6,7.4,7.4,7.2,7.0,6.3,8.3,7.7,7.7,7.5,7.6,7.2,7.0,7.0,6.9,,,,,,,,,,,,,,,,,,,,,,,,,,,,,,,,,,,,,,,,,,,,,,,,,,,,,,,,,,,,,,,,,,,,,,,,,,,,,,,,,,,,,,,,,,,
24,CENTRE-VAL DE LOIRE,8.7,8.4,8.2,8.3,8.7,8.9,9.0,9.2,9.2,9.1,9.0,8.8,8.6,8.4,8.4,8.4,8.4,8.3,8.0,7.5,7.1,6.8,6.5,6.3,6.0,5.9,6.0,6.1,6.2,6.2,6.3,6.4,6.7,7.0,7.0,7.4,7.6,7.5,7.5,7.7,7.4,7.6,7.7,7.8,7.9,7.7,7.6,7.2,7.1,6.8,6.7,6.3,5.9,6.2,6.3,6.7,7.5,8.1,8.0,8.5,8.4,8.3,8.3,8.2,8.1,8.1,8.3,8.4,8.5,8.8,9.0,9.3,9.5,9.6,9.5,9.4,9.4,9.5,9.6,9.8,9.6,9.8,9.7,9.6,9.7,9.6,9.4,9.5,9.1,9.0,8.9,8.4,8.7,8.5,8.5,8.3,8.3,8.1,8.1,7.8,7.4,6.9,8.2,7.2,7.3,7.2,7.2,6.7,6.7,6.9,6.9,,,,,,,,,,,,,,,,,,,,,,,,,,,,,,,,,,,,,,,,,,,,,,,,,,,,,,,,,,,,,,,,,,,,,,,,,,,,,,,,,,,,,,,,,,,
27,BOURGOGNE-FRANCHE-COMTE,8.6,8.3,8.2,8.3,8.5,8.7,8.8,8.9,9.0,9.0,8.9,8.8,8.5,8.3,8.3,8.3,8.4,8.3,8.0,7.5,7.1,6.8,6.6,6.2,5.9,5.9,6.0,6.2,6.4,6.4,6.5,6.6,7.0,7.1,7.0,7.5,7.7,7.5,7.5,7.5,7.4,7.6,7.8,7.9,8.0,7.9,7.9,7.4,7.5,7.1,6.9,6.5,6.2,6.4,6.5,7.0,8.0,8.6,8.6,8.9,8.8,8.6,8.5,8.3,8.2,8.1,8.2,8.3,8.4,8.7,8.9,9.3,9.5,9.5,9.3,9.1,9.1,9.1,9.2,9.5,9.3,9.5,9.3,9.2,9.2,9.1,8.9,8.8,8.5,8.4,8.3,7.7,7.9,7.8,7.7,7.5,7.6,7.4,7.4,7.2,6.8,6.4,7.9,6.7,6.9,6.8,6.8,6.2,6.2,6.4,6.4,,,,,,,,,,,,,,,,,,,,,,,,,,,,,,,,,,,,,,,,,,,,,,,,,,,,,,,,,,,,,,,,,,,,,,,,,,,,,,,,,,,,,,,,,,,
28,NORMANDIE,10.2,9.9,9.8,10.1,10.6,10.9,11.0,11.0,11.1,11.0,11.0,10.8,10.5,10.3,10.3,10.3,10.3,10.3,10.0,9.5,9.0,8.7,8.4,8.1,7.9,7.7,7.8,7.8,7.8,7.8,7.8,7.8,8.2,8.3,8.1,8.5,8.8,8.6,8.7,8.8,8.5,8.7,8.9,9.0,9.0,8.8,8.8,8.3,8.4,8.0,7.7,7.2,6.9,7.1,7.3,7.8,8.8,9.4,9.2,9.5,9.4,9.3,9.3,9.2,9.2,9.1,9.2,9.3,9.5,9.7,9.8,10.2,10.4,10.5,10.3,10.1,10.1,10.1,10.2,10.3,10.1,10.3,10.3,10.2,10.2,10.1,9.9,10.0,9.5,9.5,9.5,8.9,9.1,9.0,8.8,8.6,8.5,8.3,8.2,8.0,7.7,7.3,8.9,7.7,7.8,7.6,7.7,7.0,6.8,7.1,7.0,,,,,,,,,,,,,,,,,,,,,,,,,,,,,,,,,,,,,,,,,,,,,,,,,,,,,,,,,,,,,,,,,,,,,,,,,,,,,,,,,,,,,,,,,,,
32,HAUTS-DE-FRANCE,12.2,11.9,11.8,12.0,12.3,12.6,12.8,12.9,13.0,13.0,13.0,12.9,12.6,12.4,12.4,12.4,12.5,12.5,12.2,11.7,11.2,10.7,10.4,10.1,9.9,9.7,9.7,9.7,9.6,9.5,9.4,9.4,9.8,9.9,9.7,10.2,10.5,10.3,10.5,10.5,10.3,10.5,10.9,11.1,11.3,11.0,11.0,10.4,10.5,10.1,9.9,9.5,9.1,9.3,9.5,9.9,11.0,11.7,11.6,12.0,11.8,11.8,11.8,11.7,11.6,11.5,11.6,11.8,12.0,12.3,12.4,12.9,13.0,13.1,12.9,12.6,12.6,12.5,12.6,12.7,12.6,12.8,12.7,12.5,12.4,12.2,12.1,12.2,11.8,11.8,11.8,11.2,11.6,11.4,11.1,10.8,10.8,10.4,10.3,10.1,9.7,8.6,10.8,9.4,9.6,9.3,9.7,8.9,8.7,9.0,8.9,,,,,,,,,,,,,,,,,,,,,,,,,,,,,,,,,,,,,,,,,,,,,,,,,,,,,,,,,,,,,,,,,,,,,,,,,,,,,,,,,,,,,,,,,,,
44,GRAND-EST,8.2,8.0,7.9,8.0,8.2,8.4,8.6,8.6,8.7,8.7,8.7,8.5,8.3,8.1,8.0,8.1,8.1,8.0,7.8,7.4,7.0,6.7,6.5,6.4,6.3,6.1,6.2,6.3,6.4,6.5,6.6,6.8,7.2,7.4,7.4,7.8,8.0,7.9,8.1,8.2,8.0,8.2,8.5,8.6,8.8,8.7,8.6,8.0,8.1,7.7,7.6,7.1,6.9,7.0,7.1,7.4,8.5,9.2,9.1,9.4,9.2,9.1,9.0,8.9,8.8,8.8,8.9,9.1,9.2,9.5,9.6,10.0,10.3,10.4,10.2,10.0,10.1,10.1,10.2,10.4,10.2,10.4,10.3,10.1,10.1,9.9,9.8,9.9,9.5,9.4,9.3,8.7,8.9,8.7,8.5,8.4,8.4,8.1,8.1,7.9,7.7,7.0,8.7,7.8,7.9,7.7,7.8,7.3,7.1,7.2,7.1,,,,,,,,,,,,,,,,,,,,,,,,,,,,,,,,,,,,,,,,,,,,,,,,,,,,,,,,,,,,,,,,,,,,,,,,,,,,,,,,,,,,,,,,,,,
52,PAYS DE LA LOIRE,9.4,9.1,8.9,9.0,9.3,9.5,9.5,9.5,9.5,9.5,9.4,9.2,8.9,8.8,8.7,8.7,8.7,8.5,8.1,7.7,7.3,7.0,6.7,6.4,6.2,6.3,6.4,6.5,6.4,6.4,6.4,6.5,6.8,6.9,6.8,7.1,7.3,7.1,7.2,7.2,7.0,7.2,7.3,7.4,7.5,7.4,7.4,7.0,7.0,6.6,6.4,6.0,5.7,5.8,5.9,6.4,7.4,8.0,8.0,8.2,8.1,8.0,7.8,7.7,7.6,7.4,7.5,7.7,7.8,8.0,8.2,8.5,8.6,8.9,8.7,8.6,8.6,8.7,8.8,9.0,8.9,9.1,9.0,8.8,8.8,8.5,8.4,8.4,8.0,7.9,7.9,7.4,7.6,7.4,7.4,7.2,7.2,7.0,7.0,6.9,6.8,6.6,7.9,6.8,6.9,6.6,6.6,6.0,5.9,6.0,6.1,,,,,,,,,,,,,,,,,,,,,,,,,,,,,,,,,,,,,,,,,,,,,,,,,,,,,,,,,,,,,,,,,,,,,,,,,,,,,,,,,,,,,,,,,,,
53,BRETAGNE,8.5,8.4,8.2,8.2,8.6,8.8,8.7,8.7,8.8,8.8,8.7,8.6,8.5,8.4,8.3,8.3,8.5,8.3,7.8,7.5,7.1,6.9,6.6,6.2,6.0,6.1,6.2,6.3,6.4,6.4,6.4,6.5,6.7,6.8,6.8,7.0,7.2,6.9,7.0,7.0,6.8,7.0,7.2,7.3,7.4,7.2,7.2,6.8,6.9,6.6,6.5,6.1,5.8,5.8,5.9,6.3,7.0,7.6,7.6,7.8,7.7,7.6,7.6,7.5,7.4,7.3,7.5,7.7,7.8,8.1,8.2,8.6,8.8,9.0,8.8,8.7,8.7,8.7,8.8,9.0,8.8,9.0,8.9,8.9,8.9,8.7,8.4,8.6,8.1,8.0,8.0,7.5,7.7,7.6,7.5,7.3,7.3,7.0,7.0,6.8,6.6,6.3,7.6,6.6,6.7,6.5,6.5,5.9,5.8,5.9,6.0,,,,,,,,,,,,,,,,,,,,,,,,,,,,,,,,,,,,,,,,,,,,,,,,,,,,,,,,,,,,,,,,,,,,,,,,,,,,,,,,,,,,,,,,,,,
75,NOUVELLE-AQUITAINE,9.6,9.4,9.3,9.4,9.7,9.9,9.9,9.9,9.9,9.9,9.9,9.9,9.7,9.6,9.5,9.6,9.6,9.5,9.2,8.9,8.5,8.2,7.9,7.6,7.4,7.3,7.3,7.3,7.2,7.2,7.2,7.2,7.6,7.8,7.6,8.0,8.2,8.0,8.0,8.1,7.9,8.1,8.3,8.3,8.4,8.2,8.1,7.6,7.7,7.4,7.2,6.8,6.5,6.7,6.8,7.2,7.9,8.4,8.4,8.7,8.5,8.5,8.5,8.5,8.5,8.4,8.5,8.7,8.9,9.1,9.1,9.4,9.6,9.7,9.5,9.4,9.4,9.4,9.6,9.7,9.7,9.9,9.7,9.6,9.6,9.5,9.3,9.4,9.0,8.9,8.8,8.4,8.6,8.4,8.2,8.1,8.0,7.8,7.7,7.5,7.2,6.8,8.3,7.3,7.4,7.2,7.2,6.6,6.5,6.5,6.6,,,,,,,,,,,,,,,,,,,,,,,,,,,,,,,,,,,,,,,,,,,,,,,,,,,,,,,,,,,,,,,,,,,,,,,,,,,,,,,,,,,,,,,,,,,
76,OCCITANIE,11.2,11.0,10.9,11.1,11.5,11.7,11.8,11.8,11.9,12.0,12.1,12.0,11.9,11.9,11.9,12.0,12.0,12.0,11.8,11.5,11.1,10.7,10.5,10.1,9.8,9.7,9.6,9.5,9.5,9.5,9.4,9.4,9.7,9.7,9.6,9.8,10.0,9.8,9.9,9.9,9.6,9.8,10.0,10.1,10.2,10.0,10.1,9.4,9.6,9.3,9.0,8.5,8.2,8.4,8.6,8.8,9.6,10.1,10.2,10.5,10.4,10.3,10.3,10.3,10.4,10.3,10.5,10.7,10.9,11.1,11.2,11.6,11.9,12.0,11.9,11.8,11.8,11.8,12.0,12.2,12.0,12.3,12.1,12.0,11.9,11.7,11.5,11.7,11.2,11.0,11.0,10.5,10.8,10.5,10.4,10.2,10.3,9.9,9.8,9.7,9.3,8.4,10.5,9.5,9.6,9.3,9.4,8.8,8.8,8.8,8.7,,,,,,,,,,,,,,,,,,,,,,,,,,,,,,,,,,,,,,,,,,,,,,,,,,,,,,,,,,,,,,,,,,,,,,,,,,,,,,,,,,,,,,,,,,,
84,AUVERGNE-RHONE-ALPES,9.5,9.2,9.0,9.2,9.4,9.7,9.7,9.7,9.7,9.5,9.4,9.2,9.0,8.8,8.8,8.8,8.8,8.9,8.6,8.2,7.8,7.3,6.9,6.5,6.3,6.3,6.3,6.4,6.5,6.5,6.5,6.6,7.1,7.2,7.1,7.4,7.6,7.4,7.4,7.5,7.2,7.4,7.5,7.5,7.6,7.4,7.4,6.9,7.1,6.8,6.7,6.2,6.0,6.1,6.3,6.6,7.6,8.3,8.1,8.5,8.3,8.2,8.0,7.9,7.9,7.8,7.9,8.0,8.2,8.4,8.4,8.8,8.9,8.9,8.8,8.6,8.6,8.7,8.8,8.9,8.9,9.1,9.0,8.9,8.9,8.8,8.6,8.7,8.3,8.2,8.2,7.7,7.9,7.8,7.7,7.5,7.5,7.3,7.3,7.1,6.8,6.4,7.9,7.1,7.3,7.0,6.9,6.4,6.3,6.4,6.3,,,,,,,,,,,,,,,,,,,,,,,,,,,,,,,,,,,,,,,,,,,,,,,,,,,,,,,,,,,,,,,,,,,,,,,,,,,,,,,,,,,,,,,,,,,
93,PROVENCE-ALPES-COTE D'AZUR,13.0,12.7,12.5,12.7,13.0,13.3,13.4,13.4,13.6,13.7,13.8,13.6,13.4,13.3,13.2,13.4,13.5,13.4,13.1,12.6,12.2,11.7,11.3,10.9,10.6,10.5,10.3,10.1,10.0,9.7,9.6,9.6,9.9,10.0,9.8,10.0,10.1,9.8,10.0,10.0,9.7,9.9,10.1,10.1,10.3,10.1,10.1,9.5,9.8,9.4,9.2,8.6,8.3,8.3,8.3,8.6,9.4,10.0,10.0,10.4,10.2,10.1,10.1,10.2,10.3,10.3,10.4,10.6,10.6,10.8,10.8,11.2,11.4,11.5,11.3,11.2,11.2,11.3,11.4,11.6,11.4,11.7,11.5,11.4,11.4,11.2,11.1,11.4,10.9,10.8,10.8,10.3,10.7,10.4,10.2,10.0,10.1,9.6,9.5,9.3,9.0,8.2,10.2,9.1,9.3,9.0,8.9,8.3,8.3,8.2,8.2,,,,,,,,,,,,,,,,,,,,,,,,,,,,,,,,,,,,,,,,,,,,,,,,,,,,,,,,,,,,,,,,,,,,,,,,,,,,,,,,,,,,,,,,,,,
94,CORSE,11.4,11.2,11.2,11.6,12.1,12.8,13.1,13.0,12.9,13.2,13.5,13.1,12.6,12.4,12.3,12.4,12.4,12.2,12.0,11.7,11.3,10.9,10.6,10.4,10.4,10.0,9.7,9.6,9.2,8.8,8.7,8.6,8.7,8.6,8.6,8.8,8.9,9.0,9.2,9.1,8.6,9.0,9.1,9.0,9.0,8.9,9.0,8.5,8.6,8.3,8.0,7.7,7.4,7.3,7.4,7.4,7.7,8.0,8.2,8.5,8.4,8.4,8.5,8.6,8.7,8.5,8.7,8.8,8.8,9.0,9.0,9.4,9.6,9.7,9.8,9.8,9.7,9.9,10.2,10.5,10.5,10.6,10.4,10.2,10.2,10.0,9.8,10.0,9.6,9.5,9.6,9.0,9.4,8.9,8.6,8.5,8.7,8.0,7.8,7.8,7.6,7.5,9.2,7.0,6.8,7.1,6.9,6.2,6.3,6.0,6.1,,,,,,,,,,,,,,,,,,,,,,,,,,,,,,,,,,,,,,,,,,,,,,,,,,,,,,,,,,,,,,,,,,,,,,,,,,,,,,,,,,,,,,,,,,,
01,GUADELOUPE,,,,,,,,,,,,,,,,,,,,,,,,,,,,,,,,,,,,,,,,,,,,,,,,,,,,,,,,,,,,,,,,,,,,,,,,,,,,,23.8,23.8,23.6,24.3,23.3,23.7,23.5,23.8,26.1,25.7,22.2,21.2,22.2,23.2,21.5,22.5,24.0,21.0,23.5,22.0,21.8,19.5,20.6,20.9,18.9,11.4,19.6,19.8,17.4,19.6,16.3,15.5,18.1,18.5,18.3,,,,,,,,,,,,,,,,,,,,,,,,,,,,,,,,,,,,,,,,,,,,,,,,,,,,,,,,,,,,,,,,,,,,,,,,,,,,,,,,,,,,,,,,,,,
02,MARTINIQUE,,,,,,,,,,,,,,,,,,,,,,,,,,,,,,,,,,,,,,,,,,,,,,,,,,,,,,,,,,,,,,,,,,,,,,,,,,,,,19.6,19.6,19.5,19.1,18.7,17.4,17.1,18.4,18.3,18.4,17.6,16.7,18.7,18.3,17.5,16.9,15.8,18.3,17.0,18.3,16.2,14.4,13.8,15.3,11.8,8.2,15.6,14.3,12.7,14.8,13.2,10.7,12.5,13.8,13.3,,,,,,,,,,,,,,,,,,,,,,,,,,,,,,,,,,,,,,,,,,,,,,,,,,,,,,,,,,,,,,,,,,,,,,,,,,,,,,,,,,,,,,,,,,,
03,GUYANE,,,,,,,,,,,,,,,,,,,,,,,,,,,,,,,,,,,,,,,,,,,,,,,,,,,,,,,,,,,,,,,,,,,,,,,,,,,,,20.7,22.6,23.3,22.3,21.3,19.4,23.3,23.8,22.3,22.5,25.1,21.9,21.1,23.4,22.4,20.6,18.5,19.2,18.9,19.2,17.6,20.4,19.7,19.6,16.5,8.7,18.7,20.7,12.4,13.7,17.2,14.4,15.2,13.3,13.3,,,,,,,,,,,,,,,,,,,,,,,,,,,,,,,,,,,,,,,,,,,,,,,,,,,,,,,,,,,,,,,,,,,,,,,,,,,,,,,,,,,,,,,,,,,
04,LA REUNION,,,,,,,,,,,,,,,,,,,,,,,,,,,,,,,,,,,,,,,,,,,,,,,,,,,,,,,,,,,,,,,,,,,,,,,,,,,,,25.7,26.9,27.5,25.3,23.0,23.5,24.2,23.1,23.3,21.9,21.8,22.0,21.3,24.0,22.4,22.8,23.8,24.3,24.3,23.5,22.3,22.1,20.4,20.2,18.9,13.5,19.7,17.1,17.5,16.8,18.7,19.0,18.6,19.0,17.7,,,,,,,,,,,,,,,,,,,,,,,,,,,,,,,,,,,,,,,,,,,,,,,,,,,,,,,,,,,,,,,,,,,,,,,,,,,,,,,,,,,,,,,,,,,
